name,city,state,country
"3Ana Aviation Services","San Clemente","CA","United States"
"3TOP Aviation Services Ltd.","Leatherhead, Surrey","Se","United Kingdom"
"4 Star Electronics, Inc.","San Clemente","CA","UNITED STATES"
"5N Solutions Inc.","Markham","On","Canada"
"630 Aerospace, Inc.","Miami Lakes","FL","UNITED STATES"
"A-Sky Aviation, LLC","West Palm Beach","FL","UNITED STATES"
"A-Z-Spares Ltd","Gerrards Cross","","United Kingdom"
"A.J. Levin Company, Inc.","Burbank","CA","UNITED STATES"
"A2 Aviation LLC","Southampton","NY","United States"
"AAA Technology FZE","Dubai","","UNITED ARAB EMIRATES"
"AAR Corp.","Wood Dale","IL","UNITED STATES"
"ABACO GENERAL TRADING LLC","DXB","Se","United Arab Emirates"
"ABC Aero LLC-FZ","Dubai","","United Arab Emirates"
"ABC Intercargo Aviation","Weston","FL","UNITED STATES"
"Abu Ragueb General Trading LLC","DUBAI","Se","United Arab Emirates"
"AC Aircraft Care bv","Antwerpen","","Belgium"
"ACCENT AIR INC","Miami Gardens","FL","United States"
"Acia Aero Parts Company SAS","Cugnaux","","FRANCE"
"ACshares Aviation Group, Inc","Apopka","FL","United States"
"AD Aircraft Support Corp","MIAMI","FL","UNITED STATES"
"ADG Fasteners Inc","Benbrook","TX","United States"
"Advantage Aviation Services Inc.","Lakeland","FL","United States"
"Advantage Aviation Services Sweden AB","Knivsta","","SWEDEN"
"AEK Technology","Sylmar","CA","United States"
"AEOLUS FZCO","DUBAI","","United Arab Emirates"
"Aeras DWC LLC","Dubai","","UNITED ARAB EMIRATES"
"AerCap Materials Inc.","Memphis","TN","UNITED STATES"
"Aereohelp Services Group","Santiago","","Chile"
"AerFin Limited - Caerphilly","Caerphilly, Wales","","UNITED KINGDOM"
"Aermach Ltd","Cardiff","","UNITED KINGDOM"
"Aero Bravo International BV","Vijfhuizen, NORT","","NETHERLANDS"
"AERO CARE","Mogosoaia","","Romania"
"Aero Connections (FZE)","Sharjah","","United Arab Emirates"
"Aero Engine Services Ltd.","Pontypridd","Wa","United Kingdom"
"Aero Fastener Co., Inc.","Westfield","MA","UNITED STATES"
"Aero Industrial Sales Company","Rosedale","NY","UNITED STATES"
"Aero Instruments & Avionics, Inc.","Depew","NY","UNITED STATES"
"Aero Logistics International Pty Ltd","Cromer, NSW","","AUSTRALIA"
"Aero Make Aviation FZE","Umm Al Quwain","","United Arab Emirates"
"Aero Partners Ltd.","Southend on Sea, Essex","","UNITED KINGDOM"
"Aero Parts and Services, LLC","Hammond","LA","UNITED STATES"
"Aero PB Ltd","Sofia","","Bulgaria"
"Aero Plus Europe","Perroy","","Switzerland"
"Aero Supplies, Inc.","Mississauga","ON","CANADA"
"Aero Support Company Pte. Ltd.","","SI","SINGAPORE"
"Aero Trade Partner Company","","","PEOPLE'S REPUBLIC OF CHINA"
"Aero Trade Partner Company Limited","","","People's Republic of China"
"Aero Ventures FZCO","Dubai","","United Arab Emirates"
"Aero Vertol LLC","Coral Gables","FL","United States"
"Aero-flights Consultant and Technology ltd","Richmond Hill","","Canada"
"Aero-Link Arizona, Inc.","Scottsdale","AZ","UNITED STATES"
"Aero-Mark MRO, LLC; dba Fairhope Aerospace","Fairhope","AL","United States"
"Aero-Tech Aircraft Spare Parts & Components Trading Co. L.L","Dubai","","United Arab Emirates"
"Aero-Zone, Inc.","Chandler","AZ","UNITED STATES"
"Aero1 Aircraft Support","Miami","FL","United States"
"Aero24/7","Tremblay en France","","FRANCE"
"Aero8, Inc.","Winston-Salem","NC","UNITED STATES"
"AeroBase Group, Inc.","Saint Augustine","FL","UNITED STATES"
"Aerocon Engineering Company","Van Nuys","CA","UNITED STATES"
"AeroCor Engine Group, LLC","Miami","FL","UNITED STATES"
"Aerocore LLC","Miami","FL","United States"
"Aerocycle","Saint Hubert","QC","CANADA"
"AeroDirect, Inc.","Wheeling","IL","UNITED STATES"
"AeroDyne Worldwide, LLC","Sunrise","FL","UNITED STATES"
"Aeroeagle Resources Asia Pte. Ltd.","","","SINGAPORE"
"AEROFLEET LTD","Larnaca","","CYPRUS"
"AEROGUARD SOLUTIONS PTE LTD","SINGAPORE","","Singapore"
"Aerohaste LLC FZ","Dubai","","United Arab Emirates"
"AEROMAN AVIATION a div of Al Jury Co. LLC","MUSCAT","MU","OMAN"
"AEROMASTER S.A. LLC","BRADENTON","FL","United States"
"Aeromilitech","Heathrow","FL","United States"
"Aeromni Aerospace Inc.","Langley","BC","CANADA"
"Aeronautic Investments, Inc.","Miami Lakes","FL","UNITED STATES"
"Aeroned B.V.","Rotterdam","Zu","Netherlands"
"Aeroneotech Co.,Ltd.","Nakhon Ratchasima","","Thailand"
"Aeronics Aircraft Parts, Inc.","Miami","FL","UNITED STATES"
"Aeronotica FZ-LLC","Ras Al Khaimah","","United Arab Emirates"
"AEROPARTS AOG LTD","Dubai","","United Arab Emirates"
"Aeropenta Aircraft Spare Parts & Components Trading LLC","Dubai","","United Arab Emirates"
"AEROS, Inc.","Lawrence","KS","UNITED STATES"
"Aerosafe Pte Ltd","Seletar","Se","Singapore"
"AeroSave Ltd","Welling","","United Kingdom"
"Aeroservice Ltd.","Riga","","LATVIA"
"Aeroset Limited","Zebbug","","Malta"
"Aerospace Connections, Inc.","Sweetwater","FL","UNITED STATES"
"Aerospace Logistics Ltd.","Horsham, West Sussex","We","UNITED KINGDOM"
"Aerospace Support Associates Ltd.","West Sussex","","UNITED KINGDOM"
"Aerospace Support International","Oxford, Oxfordshire","","UNITED KINGDOM"
"Aerospace Technical Services","Amman","","JORDAN"
"Aerospares Consulting Limited","Douglas, Isle of Man","","UNITED KINGDOM"
"Aerosphere Aviation Services, Inc.","Greensboro","NC","UNITED STATES"
"Aerosphere International Spares Parts Trading LLC","Sharjah","","UNITED ARAB EMIRATES"
"Aerospheres UK Ltd.","Harrow","","UNITED KINGDOM"
"Aerosum, UAB","Vilnius","","Lithuania"
"AEROTECNICA SAS","Bogotá","","Colombia"
"AEROTOOLS CONNECTION","MIAMI","FL","United States"
"AEROTOP SOLUTIONS COMPANY LIMITED","HONG KONG","","HONG KONG"
"Aerotrade Pte. Ltd","SINGAPORE","","Singapore"
"Aerotrends Aviation (M) SDN BHD","Selangor","","MALAYSIA"
"Aerovim GmbH","Nieder Olm","","GERMANY"
"AeroVision Aircraft Services, LLC","Muskegon","MI","UNITED STATES"
"AeroVision Engine Services, LLC","Muskegon","MI","UNITED STATES"
"AeroVision International, LLC","Muskegon","MI","UNITED STATES"
"Aeroware Solutions","Miami","FL","United States"
"Aeroway Aviation Technology.,Ltd","Haikou City","","CHINA"
"AEROWINGS INTERNATIONAL FZCO","Dubai","Du","United Arab Emirates"
"Aeroxchange","Farmers Branch","TX","UNITED STATES"
"AerSale, Inc.","Coral Gables","FL","UNITED STATES"
"AerSale, Inc.","Roswell","NM","UNITED STATES"
"AerSale, Inc.","Roswell","NM","UNITED STATES"
"AerSale, Inc.","Roswell","NM","UNITED STATES"
"AerSale, Inc.","Roswell","NM","UNITED STATES"
"Aertek Ltd","Fareham","Se","United Kingdom"
"AerTok Limited","MONGKOK, KOWLOON","","Hong Kong"
"AerTok Limited","Guangdong","","CHINA"
"AerTok Limited","MONGKOK, KOWLOON","","Hong Kong"
"Aertrade","Aurora","IL","UNITED STATES"
"Aetos Aero, Inc.","Aurora","IL","UNITED STATES"
"AEYON GLOBAL INC","JACKSONVILLE","FL","United States"
"AFROCON LLC FZ","Dubai","","United Arab Emirates"
"Agility Aviation Services Inc.","North York","ON","CANADA"
"Air Canada","Dorval","QC","CANADA"
"Air Leo M and E LTD","Varna","","Bulgaria"
"Air Med Aviation DWC LLC","DUBAI","","United Arab Emirates"
"Air Parts International Sales, Inc.","Burbank","CA","UNITED STATES"
"Air Solutions & Equipments LLC","Miami","FL","UNITED STATES"
"Air Spares Unlimited LLC","Chicago","IL","UNITED STATES"
"Air Station Aviation, Inc.","Fort Myers","FL","UNITED STATES"
"Air Support International, LLC","Fort Lauderdale","FL","UNITED STATES"
"Air Viper LLC","Austin","TX","United States"
"Airborne Components and Care FZCO","Dubai","_","UNITED ARAB EMIRATES"
"Airborne Maintenance & Engineering Services, Inc. (AMES)","Wilmington","OH","UNITED STATES"
"Airborne Systems FZE","Dubai","","UNITED ARAB EMIRATES"
"AirCo, A Stratus Aero Partners Company","Eagan","MN","UNITED STATES"
"Aircom Aviation Services, LLC","Newington","CT","UNITED STATES"
"Aircraft and Engine Parts, LLC","Miami","FL","UNITED STATES"
"Aircraft End-of-Life Solutions (AELS) B.V.","Enschede","","NETHERLANDS"
"Aircraft Fasteners International, LLC","Commerce","CA","UNITED STATES"
"Aircraft Inventory Management & Services, Ltd.","Dallas","TX","UNITED STATES"
"Aircraft Maintenance Systems Company","Davie","FL","UNITED STATES"
"Aircraft Parts Distribution Inc.","Augusta","KS","UNITED STATES"
"Aircraft Parts Logistics","Miami","FL","UNITED STATES"
"Aircraft Technical Support Sales","Coral Springs","FL","UNITED STATES"
"Aircraft Trading, Inc.","Miami","FL","UNITED STATES"
"Aircrafters, LLC","New Castle","DE","UNITED STATES"
"Airframe & Powerplant Solutions, Inc.","Kissimmee","FL","UNITED STATES"
"AirGroup America, Inc.","Cranberry Township","PA","UNITED STATES"
"Airline Component Services Ltd","Braintree, Essex","","UNITED KINGDOM"
"Airline MRO Parts USA, LLC.","Jacksonville","FL","United States"
"Airline Spares America, Inc.","Deerfield Beach","FL","UNITED STATES"
"Airlines Support Group Ltd.","Krakow","","Poland"
"AirMaurin, Inc.","Hialeah","FL","UNITED STATES"
"Airmind Parts, LLC","Miami","FL","UNITED STATES"
"Airparts Company, Inc.","Fort Lauderdale","FL","UNITED STATES"
"AIRSERVE fzco","Dubai","","UNITED ARAB EMIRATES"
"AirStart Inc.","Mississauga","ON","CANADA"
"AIRTAK AERO INC","Orange","CA","United States"
"AIS Aviation Inc.","San Ramon","CA","UNITED STATES"
"AL-FUTTAIM LOGISTICS COMPANY LLC","DUBAI","","UNITED ARAB EMIRATES"
"Alaem Talya Aviation Services L.L.C","Dubai","","United Arab Emirates"
"Alaris Aerospace Systems, LLC","Pompano Beach","FL","UNITED STATES"
"Alchemy Aero Corp.","Hialeah","FL","United States"
"ALEV Aviation s.r.o.","Prague","","Czech Republic"
"ALJ Engines Supply Inc","Miami","FL","UNITED STATES"
"ALLELCO LIMITED","WAN CHAI","","Hong Kong"
"Allestro Aero Solutions Pvt. Ltd.","New Delhi","","India"
"Allied Aviation FZC","Umm Al Quwain","","United Arab Emirates"
"Aloha Air Cargo","Honolulu","HI","UNITED STATES"
"Alpha Pioneer Marketing pte ltd","Singapore","","Singapore"
"Alpine Air Support GmbH","Bru¨tten","","SWITZERLAND"
"AM Aerospace Supplies Pte Ltd","Singapore","","SINGAPORE"
"Ambry Hill Technologies","Cambridge","MN","United States"
"American Aircraft Parts and Repair Management Inc.","Hamilton","","Canada"
"American Airlines","Tulsa","OK","UNITED STATES"
"American General Supplies, Inc.","Gaithersburg","MD","UNITED STATES"
"AMP Aero Services, LLC","MIAMI","FL","United States"
"ANA Trading Corp., U.S.A.","Torrance","CA","UNITED STATES"
"Ansett Aircraft Spares & Services","Sylmar","CA","UNITED STATES"
"AOG Spares Inc.","Sanford","FL","UNITED STATES"
"AP Aviation & Travel  Consulting Inc.","Las Vegas","NV","UNITED STATES"
"APC AIRPLANE PARTS CORPORATION","Miami","FL","UNITED STATES"
"APEX AEROSPACE FZE","DUBAI","","United Arab Emirates"
"APEX HELI-SUPPORT","PHOENIX","AZ","United States"
"Apex Parts","Naples","FL","United States"
"APOC Aviation","Berkel en Rodenrijs","","NETHERLANDS"
"APRAM Aerospace s.r.o.","Prague","","Czech Republic"
"APS - Air Parts Services & Supplies Ltd.","Miami","FL","UNITED STATES"
"APS Airparts Support, Inc.","Miami","FL","UNITED STATES"
"AQIA Aerospace, LLC","Miami","FL","UNITED STATES"
"AR SALES PRIVATE LIMITED","Delhi","","India"
"Aras Aero, Inc.","San Antonio","TX","United States"
"ARIAT TECHNOLOGY LIMITED","HONG KONG","","China"
"AristoSky Management, LLC","DULUTH","GA","UNITED STATES"
"ARJ Airparts Inc","Mississauga","ON","Canada"
"ARK AERO PARTS - FZE","UMM AL QUWAIN","","United Arab Emirates"
"Ark Aviation, Inc.","Greensboro","NC","UNITED STATES"
"Arlington International Aviation Products, LLC","Arlington","TX","UNITED STATES"
"Arlington International Aviation Products, LLC Canada","Brampton","ON","CANADA"
"Arrow Aviation Services FZE","Sharjah","","UNITED ARAB EMIRATES"
"Arrow Dynamics, LLC","Sunrise","FL","UNITED STATES"
"ASAP Semiconductor","Anaheim","CA","UNITED STATES"
"Ascend Aero, Inc","Valencia","CA","UNITED STATES"
"ASCEND AVIATION INDIA PRIVATE LIMITED","NEW DELHI","","India"
"ASI Aero","Boca Raton","FL","United States"
"Asia Aero Group Limited","Hong Kong","","China"
"Asia Digital Engineering, An AirAsia Group Company","KLIA","","Malaysia"
"Asia Standard (H.K.) Limited","Hong Kong","","CHINA"
"Asia West Aerospace Inc.","McLean","VA","USA"
"Asia-Pacific Engineering Consulting Services, LLC","Charleston","SC","UNITED STATES"
"ASL Aerospace","Ashford","Su","United Kingdom"
"Assadafa.LTD","Tripoli","","LIBYA"
"ATCO, Inc.","Newington","NH","UNITED STATES"
"Atlantic Jet Support, Inc.","Coconut Creek","FL","UNITED STATES"
"Austin Aerotech, Inc.","Cedar Park","TX","UNITED STATES"
"Austin Defense Logistics LLC","Austin","TX","United States"
"Avacore LLC","Wilmington","DE","United States"
"Available Aircraft Parts LLC","Delray Beach","Fl","USA"
"AvAir, LLC","Chandler","AZ","UNITED STATES"
"Avatech Products Inc.","Diamond Bar","CA","UNITED STATES"
"AvCorp International","Charlotte","NC","UNITED STATES"
"Aventure International Aviation Services","Peachtree City","GA","UNITED STATES"
"AVGEEKS-FZCO","SHARJAH","","United Arab Emirates"
"AVI Inventory Services, LLC","Muskegon","MI","UNITED STATES"
"AVI Sales & Leasing Services, LLC","Muskegon","MI","UNITED STATES"
"AVIAIR LLC","Orlando","FL","United States"
"Avian Inventory Management LLC","Orlando","FL","United States"
"Aviarena Trading B.V.","TER AAR","","Netherlands"
"AVIARIS PTE LTD","SINGAPORE","","SINGAPORE"
"Aviation Asset Management, Inc.","Miramar","FL","UNITED STATES"
"Aviation Asset Trading, LLC","Chandler","AZ","UNITED STATES"
"Aviation Business Services LLC.","Lewes","DE","Uniited States"
"AVIATION CAPITAL LINK MANAGEMENT COMPANY LIMITED","Sheung Wan","","HONG KONG"
"Aviation Concepts, Inc.","Sunrise","FL","UNITED STATES"
"Aviation Fleet Support Corporation","Brisbane","QL","Australia"
"Aviation Inventory Resources, Inc.","Alvarado","TX","UNITED STATES"
"Aviation Link International LLC","Phoenix","AZ","United States"
"Aviation Logistics Network Ltd","Colnbrook Slough","","UNITED KINGDOM"
"Aviation Materials Management, Inc. (Avmat)","Ogden","UT","United States"
"Aviation Metals","Charlotte","NC","United States"
"Aviation Mining Solutions, LLC","Chandler","AZ","UNITED STATES"
"Aviation Overseas Supply Logistics Pvt Ltd","New Delhi","","India"
"Aviation Parts & Services Ltd.","Istanbul","","TURKEY"
"Aviation Parts Executive, Inc.","Ft. Lauderdale","FL","UNITED STATES"
"Aviation Power, Inc.","Spring Hill","FL","UNITED STATES"
"Aviation Procurement Systems","Gaithersburg","MD","UNITED STATES"
"Aviation Spares & Services International Co. (ASSIC)","Redmond","WA","UNITED STATES"
"Aviation Spares Solutions, Inc.","Miami Lakes","FL","UNITED STATES"
"Aviation Supplier Limited","London","","United Kingdom"
"Aviation Suppliers Association","Washington","DC","UNITED STATES"
"Aviation Trading & Services Pte Ltd","Singapore","","Singapore"
"aviationscouts GmbH","Lichtenfels","","Germany"
"Aviatronix FZC","Ajman","","UNITED ARAB EMIRATES"
"Aviatt LLC","Mesa","AZ","UNITED STATES"
"AVIBAY  PRIVATE  LIMITED","NEW DELHI","","India"
"Avibest Supplies Pte Ltd","Singapore","","Singapore"
"AVIO TECHNIKS FZC","SHARJAH","Se","United Arab Emirates"
"Aviodirect S.A.","Balboa","","PANAMA"
"Avion Systems, Inc. & Nimda Aviation Inc.","WESTON","FL","UNITED STATES"
"Avion Trace Group, LLC","Vero Beach","FL","UNITED STATES"
"Aviosupport, Inc.","Kirkland","WA","UNITED STATES"
"Avis Business Aviation Services Pvt. Ltd.","Mumbai","","INDIA"
"Avis Ventures LLP","Mumbai","","INDIA"
"AVITAL TECHNICAL SERVICES - SOLE PROPRIETORSHIP L.L.C","ABU DHABI","","United Arab Emirates"
"AVITRUE SPARES DMCC","Dubai","","UNITED ARAB EMIRATES"
"Avparts International LLC","Miami Gardens","FL","UNITED STATES"
"AvParts Trade FZE","SAIF Zone, Sharjah","","United Arab Emirates"
"AVSTOCK AERO ASSETS TRADING DWC LLC","Dubai","","United Arab Emirates"
"Avtec USA, Inc.","Las Vegas","NV","United States"
"Avtrade Ltd","West Sussex","","UNITED KINGDOM"
"Avtrade Ltd","Doral","FL","UNITED STATES"
"Avyon Parts, LLC","Palm Bay","FL","UNITED STATES"
"AWZ International FZCO","Dubai","","United Arab Emirates"
"B&B Marketing Enterprises LLLP dba Magellan Expendables","Deerfield Beach","FL","UNITED STATES"
"BAI Bayview Aviation LLC","Mt. Pleasant","SC","UNITED STATES"
"BAI, Inc","South San Francisco","CA","UNITED STATES"
"Bakk Aviation Inc.","Kleinburg","ON","CANADA"
"Banner Aircraft International, Inc.","Hollywood","FL","United States"
"Baron Aerospace Solutions, LLC","Chandler","AZ","UNITED STATES"
"BARON Group, LLC Incorporating BARON Int'l Aviation","Peachtree City","GA","UNITED STATES"
"Bayco International Inc","Deerfield Beach","FL","United States"
"Beach Aviation Group, LLC","Micco","FL","UNITED STATES"
"Beijing Eternity Technologies Ltd","Beijing","","China"
"Beijing LingXiang Technology Equipment Co. Ltd","Beijing","","People's Republic of China"
"Bel-Air Service, Inc.","Westlake Village","CA","UNITED STATES"
"Bemidji Aviation Services, Inc.","Bemidji","MN","UNITED STATES"
"Bernoulli Aerospace, LLC","Doral","FL","United States"
"Bestwings Technologies Ltd.","Taipei City","","Taiwan (R.O.C.)"
"Bestwings Technologies Ltd.","Taoyuan City","","Taiwan (R.O.C.)"
"Betterair Trade Company Limited","Hong Kong","","Hong Kong"
"BF Aerospace","Davie","FL","UNITED STATES"
"BI Aero, LLC","Warren","NJ","UNITED STATES"
"Bird Aero Services Private Limited","New Delhi","Se","India"
"BLUE OCEAN SOLUTIONS","MUSCAT","","Oman"
"Boeing Company","Seattle","WA","UNITED STATES"
"Boeing Distribution Services Inc.","Miami","FL","UNITED STATES"
"Boeing Distribution, Inc.","Dallas","TX","UNITED STATES"
"BOFY Aviation s.r.o.","Prague","","Czech Republic"
"Bohang Aviation Technology Co.Ltd","Xi an","","China"
"Boyd Aviation","Bedford","TX","UNITED STATES"
"Bramlands (Aviation) Ltd","Small Dole, West Sussex","","UNITED KINGDOM"
"Breiz'elec, Inc.","Houston","TX","UNITED STATES"
"Bright Aviation Limited","Horsham","Se","United Kingdom"
"British International Industries Ltd","Partridge Green, West Sussex","We","United Kingdom"
"Brooks & Maldini Corporation","Ft. Lauderdale","FL","UNITED STATES"
"Broward Aviation Services, Inc.","Margate","FL","UNITED STATES"
"BTC Electronic Components, LLC and","Wake Forest","NC","UNITED STATES"
"BTM Aerospace Joint Stock Company","Hanoi","","Viet Nam"
"Buraq Global Aviation Support ltd","Bradford","","United Kingdom"
"C&L Aerospace LLC","Bangor","ME","UNITED STATES"
"C&L Engine Solutions","Bangor","ME","United States"
"C2C Aero Limited","Crawley","","UNITED KINGDOM"
"Calco Aerospace","Fort Worth","TX","UNITED STATES"
"CALS Aviation LLC","Arcadia","CA","United States"
"Camber Aeroparts FZE","Umm Al Quwain","","United Arab Emirates"
"Camber Aeroparts Ltd.","Calgary","","CANADA"
"Cantey Technology Consulting","Hollywood","FL","United States"
"Capital Aero","Mira Loma","CA","UNITED STATES"
"Capital AeroSpares, Inc. (CAS Aviation)","Los Angeles","CA","UNITED STATES"
"Carlyle Aviation Partners","Miami","FL","UNITED STATES"
"Carpe-Diem Aviation Group","Colomier","","France"
"CATISA AVIATION S.L.","Madrid","","Spain"
"CAVU Aerospace, Inc","Stuttgart","AR","UNITED STATES"
"Celtic Airspares LLC/Celtic Airspares Ltd.","Clearwater","FL","UNITED STATES"
"Central Aviation Solutions, Inc.","Fellsmere","FL","UNITED STATES"
"Central Purchasing, Inc.","Delray Beach","FL","UNITED STATES"
"CFM Materials, LP","Grapevine","TX","UNITED STATES"
"CG LOGISTICS PVT LTD-AVIATION WING","DELHI","","India"
"Chabok Aviation FZCO","Dubai","","UNITED ARAB EMIRATES"
"Cham Gill Aviation","Mission, BC","","CANADA"
"CHANDSARA AVIATION PRIVATE LIMITED","MEERUT","Se","India"
"Chin Aviation Limited","Kowloon","","Hong Kong"
"China SkyAero Engine Maintenance Co.,Ltd","","","PEOPLE'S REPUBLIC OF CHINA"
"Chromalloy Material Solutions, LLC","Fort Lauderdale","FL","UNITED STATES"
"Clare Air","Ashdod","","Israel"
"Clare Air","Miami","FL","UNITED STATES"
"Classic Air Parts PTE Ltd.","","","SINGAPORE"
"Close Air Support, Ltd.","Grand Rapids","MI","UNITED STATES"
"CM AEROSPACE INC","Laval, Quebec","","Canada"
"CMN DISTRIBUTORS PTE LTD","Singapore","","Singapore"
"Coast Material Sales","San Clemente","CA","UNITED STATES"
"Cobalt Aero Services","Hot Springs","AR","UNITED STATES"
"Colossus Air","Lalitpur","Ba","NEPAL"
"Comat Aerospace Corp.","North Hollywood","CA",""
"Comav Asset Management LLC","Victorville","CA","UNITED STATES"
"Commercial Aviation Resources","Dallas","TX","UNITED STATES"
"Component Stockers, LLC","Rockville","MD","United States"
"Component Technique LTD","Co.Roscommon","","IRELAND"
"Cooland GmbH","Pirmasens","","Germany"
"CORE Aviation Services","SCOTTSDALE","AZ","United States"
"Core Parts, LLC","Mesa","AZ","United States"
"Corporate Jet Support Inc","Teterboro","NJ","UNITED STATES"
"COTECH TRADING (GB) LTD","BEDFORD","","United Kingdom"
"CRANINDO SERVICES UTAMA, PT.","JAKARTA","","INDONESIA"
"Crestwood Technology Group LLC","Yonkers","NY","UNITED STATES"
"Cross Wind Airplane Spare Parts LLC","Abu Dhabi","","United Arab Emirates"
"CRS Jet Spares, Inc.","Fort Lauderdale","FL","UNITED STATES"
"CSG Parts, LLC","St. Augustine","FL","UNITED STATES"
"CTCOA, LLC","Cerritos","CA","UNITED STATES"
"Custom Aeronautical Support","Christchurch, Canterbury","","NEW ZEALAND"
"D&P Aircraft Maintenance Group Corp.","Miami","FL","USA"
"DA Aviation Pty Ltd","Mooloolah Valley","","Australia"
"DAITech Aero Composites (Thailand) Co., Ltd","Bangkok","","Thailand"
"Dallas Aviation, Inc.","Arlington","TX","UNITED STATES"
"DAR International, Inc.","Irving","TX","UNITED STATES"
"Dash Air Parts LLC","Miami Lakes","FL","United States"
"DASI, LLC","Plant City","FL","UNITED STATES"
"DASI, LLC","Doral","FL","UNITED STATES"
"DASPL LTD","AUSTIN","TX","United States"
"DAVID & GOLIATH","MUMBAI","","India"
"Davis Aviation, Inc. dba King Air Nation","Brandon","MS","UNITED STATES"
"DBK AERO LTD","Lancing, West Sussex","","UNITED KINGDOM"
"Dealing Air Company Limited","Guangzhou","","CHINA"
"Dealing Air Company Limited","","","CHINA"
"DEEPAK PRECISION WORKS PVT. LTD.","MUMBAI","","India"
"Defense Technology Equipment Inc. (DTE)","Sterling","VA","UNITED STATES"
"Delta Aviation, Inc.","Miami","FL","UNITED STATES"
"Delta International Technologies, Inc.","Tukwila","WA","UNITED STATES"
"Delta Material Services","Atlanta","GA","UNITED STATES"
"Delta Wing Aviation FZ LLC","Ras Al Khaimah","","United Arab Emirates"
"Desert Land Aerospace","Riyadh","","Saudi Arabia"
"DIGI ELECTRONICS HK LIMITED","HongKong","","Hong Kong"
"Divyanshi Aviation Services Pvt Ltd","New Delhi, Delhi","","INDIA"
"DNR Aviation Services","Istanbul","","Turkey"
"Dodson International Air","Douglasville","GA","UNITED STATES"
"Dragon Aviation Capital (Singapore) Pte Ltd","Singapore","Si","Singapore"
"Dragon Rich Aviation Co., Ltd.","Hong Kong","","HONG KONG"
"DREAM WINGS AVIATION FZC","SHARJAH","","United Arab Emirates"
"Drift Aerospace LLC","Miramar","FL","UNITED STATES"
"DuxAero","Istanbul","","Turkey"
"Dyess Aviation, Inc.","Georgetown","TX","UNITED STATES"
"Dynamic Air Solution","Ft Lauderdale","FL","UNITED STATES"
"e-Aero Technology Co.,Ltd","HONG KONG","","CHINA"
"Eagle Industries International, Inc.","Brewster","NY","UNITED STATES"
"East Air Corporation","Hackensack","NJ","UNITED STATES"
"Eastern Stone Company, LLC","Parkland","FL","UNITED STATES"
"Eastway Global Forwarding Ltd","Raheen, Limerick","","Ireland"
"ECT Aviation Support","Sharjah","","United Arab Emirates"
"EFTEC AERO LTD.","London","","UNITED KINGDOM"
"ELCO.AERO","DEERFIELD BEACH","FL","United States"
"Element Aviation Supplies Limited","Tsuen Wan","","HONG KONG"
"Empire Airlines","Hayden","ID","UNITED STATES"
"EMTC Aviation Services GMBH","Frauenfeld","","SWITZERLAND"
"Engine Management Specialist, LLC","Clarksburg","WV","United States"
"ENOS AVIATION","MIAMI","FL","United States"
"ePlaneAI","Miami Beach","FL","United States"
"ERP.AERO","Sheridan","WY","United States"
"Euram Air Leases Ireland Ltd","Ferbane","","Ireland"
"Euravia Engineering & Supply Co Ltd","Kelbrook","","United Kingdom"
"Evergreen Aerosystems LLC","Bothell","WA","UNITED STATES"
"Ex-change Parts AB","Stockholm","","SWEDEN"
"Ex-Change Parts AB","Borlänge","","SWEDEN"
"Excelsior Aviation Services","Naperville","IL","United States"
"Exhigh Air Space Ltd","Nairobi","","Kenya"
"Ezen Aviation Pty Limited","","","Australia"
"Fabas Consulting International, Inc.","Miami","FL","UNITED STATES"
"Falcon Commercial Aviation","Miami","FL","UNITED STATES"
"Falcon Dynamics, Inc.","Irvine","CA","United States"
"Farsound Aviation Limited","Brentwood","","UNITED KINGDOM"
"FAST Aviation Services and Trading, LLC","Phoenix","AZ","UNITED STATES"
"FATA AVIATION LLC","Norfolk","VA","United States"
"Fatair, Inc.","City of Industry","CA","UNITED STATES"
"Favia International","Ajman","Aj","UAE"
"FDH Aero (membership includes all subsidiaries)","El Segundo","CA","UNITED STATES"
"FDH Aero LTD","Derby","","UNITED KINGDOM"
"FDH Aero, LLC","Commerce","CA","UNITED STATES"
"FDH Aerospace Technology (China) Co., Ltd","Shanghai","","CHINA"
"FDH Aerospace Technology (China) Co., Ltd","Shanghai","","PEOPLE'S REPUBLIC OF CHINA"
"FDH Aerospace Technology (China) Co., Ltd","Shanghai","","PEOPLE'S REPUBLIC OF CHINA"
"FDH Europe GmbH","Bremen","","GERMANY"
"Fenix Aerospace, LLC","Doral","FL","UNITED STATES"
"FENIX AIR, INC.","MIAMI","FL","United States"
"FIREFLY AIRCRAFT PARTS INC.","Plantation","FL","United States"
"First Call International","Fort Worth","TX","UNITED STATES"
"First Class Air Support, LLC","Louisville","KY","UNITED STATES"
"FL Technics, UAB","Vilnius","","LITHUANIA"
"Flight Director, Inc.","Round Rock","TX","UNITED STATES"
"Flight Equipment, Inc.","Miami","FL","UNITED STATES"
"Flight Fix, LLC","Spring Hill","FL","UNITED STATES"
"Flightspares Pty Ltd","Fairlight NSW","","Australia"
"Flighttime Enterprises, Inc.","Fairfield","OH","UNITED STATES"
"Florida Aviation Parts & Supplies","Winter Park","FL","United States"
"FLORIDA SUPPLY USA","ORLANDO","FL","United States"
"Flourish Aviation Technology Co., Ltd","SHENZHEN","","People's Republic of China"
"FLY MERLIN AEROSPACE LLC-FZ","DUBAI","","United Arab Emirates"
"Fly Rite USA, Inc.","St. Louis Park","MN","UNITED STATES"
"FLYCRAFT SG PTE LTD","SINGAPORE","","SINGAPORE"
"FLYDART AERO FZE","Sharjah","","United Arab Emirates"
"FLYLINE AEROSPACE LLC","MIAMI","FL","United States"
"FLYOPS AEROSPARES LLC.","Dubai","","United Arab Emirates"
"Flysab Solutions LLC","Orlando","FL","UNITED STATES"
"Focused Air Sales, LLC","Miami","FL","United States"
"Format Aerospace, Inc.","Wichita","KS","UNITED STATES"
"Fourwinds Aviation, LLC","St. Augustine","FL","UNITED STATES"
"FTS Group GmbH","Koeln","","Germany"
"Fusion Aviation Limited","Pulborough","We","UNITED KINGDOM"
"FYRNAIR Worldwide Services LLC","Simi Valley","CA","UNITED STATES"
"G & H Aerospace Inc.","Scottsdale","AZ","UNITED STATES"
"G F A LOGISTICS DWC-LLC","Dubai","Se","United Arab Emirates"
"GA Telesis, LLC","Fort Lauderdale","FL","UNITED STATES"
"Galaxy Aviation Corp.","Havertown","PA","UNITED STATES"
"GAS Global Aerotech Support Corp.","Miami Beach","FL","United States"
"GE Aviation Materials, Inc.","Euless","TX","UNITED STATES"
"Gemini Aviation Inc","Toronto","ON","Canada"
"GFA.AERO","Al-Jazirah, Ras Al Khaimah","","UNITED ARAB EMIRATES"
"GLOBAL AERO FZE","SHARJAH","","United Arab Emirates"
"Global Airparts Direct, Inc.","Dana Point","CA","United States"
"Global Airtech","Valencia","CA","UNITED STATES"
"Global Airways","Hialeah","FL","UNITED STATES"
"Global Aviation Company","Norcross","GA","UNITED STATES"
"Global Aviation Solutions","Amman","","Jordan"
"GLOBAL BUSINESS LOGISTICS INC d/b/a GBL INC","Miami","FL","United States"
"GLOBAL MENA AEROSPACE","Casablanca","","Morocco"
"Global Parts Support, Inc. (GPS)","Fort Lauderdale","FL","UNITED STATES"
"Global Turbine Parts","Jupiter","FL","UNITED STATES"
"GMAir, Inc.","Doral","FL","UNITED STATES"
"GMDC, Inc.","Santa Ana","CA","United States"
"GME Aviation Services FZE","Sharjah","","United Arab Emirates"
"GoAero, LLC","Greensboro","NC","UNITED STATES"
"GOAL Aviation Ltd.","Rybi","","Czech Republic"
"Golden Eagle International.","Ontario","CA","UNITED STATES"
"Golden Eagle International....","FONTANA","CA","United States"
"Golden Eagle International....","FONTANA","CA","United States"
"GOLDEN SHIELD Corporation","Addison","TX","United States"
"Goodman AerSolutions","Incheon","Se","Korea, Republic Of"
"Green Vision Aerospace","Johannesburg","","South Africa"
"Green Worldwide","Decatur","GA","United States"
"Griffin Core Solutions","Madrid","","Spain"
"Grove Aviation Services","Okeechobee","FL","United States"
"Growth Industries, Inc.","Grandview","MO","United States"
"Guangzhou Hangrun Aero-Tech Co.,Ltd","Guangzhou, Guangdong","","CHINA"
"Guangzhou Hangyu Aviation Equipment Co., Ltd","Guangzhou","","People's Republic of China"
"GV Aerospace","Beggs","OK","UNITED STATES"
"HAB Services, LLC","Plain City","OH","United States"
"Hainan BoBo Tianda Trading Co.,Ltd","Hainan","","CHINA"
"Hainan Lockhalo International Trading Co., Ltd","Chengdu","","PEOPLE'S REPUBLIC OF CHINA"
"HANGZHOU PENGKUO TECHNOLOGY CO., LTD","Hangzhou City, Zhejiang","","CHINA"
"Hansair Logistics, Inc.","Lake Forest","CA","UNITED STATES"
"HANVIET SERVICES AND TRADING JOINT STOCK COMPANY","Ha Noi","","VIETNAM"
"Hartford Aviation Group, Inc.","Hartford","CT","UNITED STATES"
"Hausen Aviation Technology Hong Kong Co., Limited","HONG KONG","","PEOPLE'S REPUBLIC OF CHINA"
"Hausen Aviation Technology Hong Kong Co., Limited","Hong Kong","","China"
"Hawaiian Airlines","Honolulu","HI","UNITED STATES"
"Hawk Aeromat Limited","Kowloon, Hong Kong","","People's Republic of China"
"Hawk Aviation LA LLC","Sunrise","FL","UNITED STATES"
"Hayward and Green Aviation Ltd","Woodmancote, West Sussex","","UNITED KINGDOM"
"Head Aero LLC","Medley","Fl","UNITED STATES"
"HECLAU REP INTERNATIONAL LLC","COCONUT CREEK","FL","United States"
"Heico Aerospace Corp.","Hollywood","FL","UNITED STATES"
"Heico Aerospace Corp. - Air Cost Control","L'Isle-Jourdain","","FRANCE"
"Heico Aerospace Corp. - Air Cost Control, USA LLC","Sunrise","FL","UNITED STATES"
"Heico Aerospace Corp. - Jet Avion Corp.","Hollywood","FL","UNITED STATES"
"Heico Aerospace Corp. - Prime Air (IL)","Skokie","IL","UNITED STATES"
"Heico Aerospace Corp. - Seal Dynamics, LLC","Hauppauge","NY","UNITED STATES"
"Heico Aerospace Corp. - Seal Dynamics, LLC","Basingstoke, Hampshire","","UNITED KINGDOM"
"Heico Aerospace Corp. - Turbine Kinetics","Glastonbury","CT","UNITED STATES"
"HELENA EAST SUPPORT SOLUTIONS PTE. LTD.","SINGAPORE","","Singapore"
"HENGQIN WINGLET AIRCRAFT TECHNOLOGY COMPANY LTD","Huadu District, Guangzhou","","PEOPLE'S REPUBLIC OF CHINA"
"High Class Aero Inc","Miami","FL","United States"
"High-Ray Technology&Science Co.,Limited","Hong Kong","","China"
"HORIZON MECHANICS L.L.C-FZ","Dubai","","UNITED ARAB EMIRATES"
"Howmet Fastening Systems Aichach GmbH","Aichach","","GERMANY"
"HPS Concord Ltd","Port Louis","","Mauritius"
"HuaAn Aviation Parts Co. Ltd.","ShunYi, Beijing","","CHINA"
"Hurricane Aerospace Solutions","Pompano Beach","FL","UNITED STATES"
"HYDRAULIC MACHINE SERVICE (HMS)","Ft. Lauderdale","FL","United States"
"I WINGS AVIATION LTD","London","","United Kingdom"
"IBC Airways","Fort Lauderdale","FL","UNITED STATES"
"IC Components Limited","HONG KONG","","China"
"IES Group, Inc.","Margate","FL","UNITED STATES"
"IGI Aircraft Spare Parts & Components Trading LLC","Dubai","","United Arab Emirates"
"ILN Technologies, Inc.","Canoga Park","CA","UNITED STATES"
"IMPEX NINE INC","Naperville","IL","United States"
"ImportExport Aviation","Houston","TX","UNITED STATES"
"INAV LLC","Crystal Lake","IL","UNITED STATES"
"INDO AERO SUPPORT PTE. LTD","","","SINGAPORE"
"Infinity Air, Inc.","Tarzana","CA","UNITED STATES"
"Initial Aviation","Mirable","QC","CANADA"
"Integrity Sky Technology Co., Ltd","Xi Xian New Area","","China"
"Interaero, Inc.","Westlake Village","CA","UNITED STATES"
"Interlinked Group International","Dubai","","UNITED ARAB EMIRATES"
"International Air Parts (IAP)","Warriewood","","AUSTRALIA"
"International Aircraft Associates, Inc.","Miramar","FL","UNITED STATES"
"International Aviation, LLC","Overland Park","KS","United States"
"International Equipment & Supply, Inc.","Miami","FL","UNITED STATES"
"International Synergy for Technical Services LLC","Orlando","FL","UNITED STATES"
"Intertrade Limited, A Collins Aerospace Company","Cedar Rapids","IA","UNITED STATES"
"Inventory Locator Service, LLC (ILS)","Memphis","TN","UNITED STATES"
"IPD AEROSPACE, INC.","NORTH HOLLYWOOD","CA","United States"
"IQ Aviation Ltd","London","","United Kingdom"
"ITS","Chandler","AZ","UNITED STATES"
"iWings Aviation FZE","Umm Al Quwain","","United Arab Emirates"
"Izdihar & Taqaddum Aircrafts Services","Amman","","JORDAN"
"J & K Connectors","Kent","WA","UNITED STATES"
"J and M Aircraft","North Hollywood","CA","UNITED STATES"
"J.O.Y. Electronics Group Inc. dba JA-Supply","Whiting","NJ","United States"
"J1 Aero LLC","Anchorage","AK","UNITED STATES"
"J2 Sourcing Limited","Uckfield","","United Kingdom"
"Jackson Jet Center","Boise","ID","UNITED STATES"
"Jad Aerospace LLC","Sheridan","WY","UNITED STATES"
"Jaguar Aviation Industries, Corp.","Fort Lauderdale","FL","UNITED STATES"
"JAK ELECTRONICS LIMITED","Hong Kong","","Hong Kong"
"JALUX AMERICAS, Inc.","El Segundo","CA","UNITED STATES"
"Jamaica Aerospace Company","Miramar","FL","UNITED STATES"
"JD Rotables, Inc.","Loxahatchee","FL","United States"
"Jet International Company, LLC","Northbrook","IL","UNITED STATES"
"Jet Midwest, Inc.","Kansas City","MO","UNITED STATES"
"Jet Parts Engineering, LLC","Seattle","WA","UNITED STATES"
"JET PARTS GLOBAL","Queen Creek","AZ","UNITED STATES"
"Jet Trade Aerospace 2014 Ltd","Ness Ziona","","Israel"
"Jet-Air West","Conroe","TX","UNITED STATES"
"Jetline Aviation (Shanghai) Co,. Ltd","Shanghai","","PEOPLE'S REPUBLIC OF CHINA"
"JETPARTSPRO","Dubai","Du","United Arab Emirates"
"Jetpower, LLC","Gurnee","IL","UNITED STATES"
"Jetset Aerospace, Inc.","Saint-Laurent","QC","Canada"
"Jetstream Trading Co. DBA Accel Aerospace","El Monte","CA","UNITED STATES"
"Jinan Lighthouse Aviation Technology Co., Ltd","Jinan City","","China"
"JLRF Aviation and Business Services, LLC","Hialeah","FL","UNITED STATES"
"JMR Aero Solutions PTE,. LTD","Singapore","","Singapore"
"JOLI Aviation LLC","ANAHEIM","CA","UNITED STATES"
"JSSI Parts & Leasing","Chicago","IL","United States"
"JT Aerospace, LLC","Chatsworth","CA","UNITED STATES"
"Jungle Aviation","Anycity","","Netherlands"
"JustAir Limited","Henfield","","United Kingdom"
"Karma Aero Solutions","Coppell","TX","United States"
"Kell-Air Inc.","Plantation","FL","United States"
"Kellstrom Commercial Aerospace, Inc. dba Kellstrom Aerospace","Roselle","IL","UNITED STATES"
"Khaya Aviation Services","Kempton Park, Gauteng","","SOUTH AFRICA"
"Kiepura Aviation Corporation","Littleton","NH","UNITED STATES"
"Koncentra USA Corp","Miami","FL","UNITED STATES"
"KP Aviation, LLC","Mesa","AZ","UNITED STATES"
"KSD GLOBAL AVIATION FZCO","DUBAI","Se","United Arab Emirates"
"L.J. Walch Co., Inc.","Livermore","CA","UNITED STATES"
"Landing Gear Support Services  Pte. Ltd. (LGSS)","Eagan","MN","UNITED STATES"
"LC Aviation","Mississauga","ON","CANADA"
"LCLX Aviation Limited","Horsham","","United Kingdom"
"Leeds Aerospace Aircraft Spare Parts Trading DWC LLC","DUBAI SOUTH","DU","UNITED ARAB EMIRATES"
"Leki Aviation A/S","Kastrup","","DENMARK"
"Leki Aviation Pte Ltd.","","","SINGAPORE"
"Leki Aviation UK Ltd.","Tangmere, Chichester","","UNITED KINGDOM"
"Leki Aviation USA, Inc.","Sunrise","FL","UNITED STATES"
"LETOILE FOR TECHNICAL SERVICES LLC","Abudhabi","","United Arab Emirates"
"Level Aircraft Parts LLC","Weston","FL","United States of America"
"LICHANGYU (HK) COMPANY LIMITED","New Territories","","Hong Kong"
"LIFE SHIELD","Riyadh","","Saudi Arabia"
"LIGERA AEROSPACE FZC","Umm Al Quwain","","United Arab Emirates"
"LJS Aviation Ltd","Washington, West Sussex","","United Kingdom"
"LKD Aerospace","Snoqualmie","WA","UNITED STATES"
"Logix Aero Ireland Limited","Ardee","Co","Ireland"
"LP AEROTEK CO., LTD","Tianjin","","CHINA"
"LTB Aerospace LLC","Miami Lakes","FL","UNITED STATES"
"Lucky 7 Air Aero-Tech Co., Ltd","Guangzhou City","_","CHINA"
"LXA Aviation Leasing 3 Limited","Ardee","_","IRELAND"
"M & N Aviation Materials Pte Ltd","Singapore","","SINGAPORE"
"M S Trade International","Dhaka","","Bangladesh"
"Mach 2 Corp","Pompano Beach","FL","UNITED STATES"
"Madison Aerospace, Inc.","Haltom City","TX","UNITED STATES"
"MAG Aircraft Recycling (Hefei) Co., Ltd.","Hefei","","China"
"Magellan Aviation Group-Magellan Aircraft Services LLLP","Charlotte","NC","UNITED STATES"
"Magellan Aviation Group-Magellan Aviation Services Limited","Shannon, Co Clare","","IRELAND"
"Magnum AirDynamics, Inc.","Miami Lakes","FL","UNITED STATES"
"MALLARD AERO SOLUTIONS","NORTH CAROLINA","NC","United States"
"Marcel Havacilik ve Uçak Bakim Hizmetleri Ltd. Sti.","Istanbul","Se","Turkey"
"March Aviation, Inc.","Naples","FL","UNITED STATES"
"Marrade Enterprise, LLC, FZ","Dubai","","United Arab Emirates"
"Mash Aerospace, LLC","Fort Pierce","FL","UNITED STATES"
"Mats Corp Miracle Aviation Technical Services Corp","Houston","TX","United States"
"Mattis Aerospace","Indian Land","SC","UNITED STATES"
"Mav Aerospace LLC","Ft Lauderdale","FL","United States"
"Max Jet Service LLC","Hincesti","","Moldova, Republic Of"
"MBAD GLOBAL SERVICES CO., LTD","Ho Chi Minh","Se","Viet Nam"
"Med-Air, Inc.","Miami","FL","United States"
"Meems DXB","Dubai","Se","United Arab Emirates"
"MEL Aviation Components Ltd","Crawley","","United Kingdom"
"Memphis Aerospace","Memphis","TN","UNITED STATES"
"Mer Bleue Aviation Ltd.","Ottawa","","Canada"
"Mercury Trading Company","Scottsdale","AZ","UNITED STATES"
"Meridian Aero Parts Corp","Delta","BC","CANADA"
"Metro Parts, Inc.","Fort Worth","TX","UNITED STATES"
"Mevaero","Antalya","","Turkey"
"MGT Europe","SAINT BRIAC SUR MER","","FRANCE"
"MidAmerican Aerospace, Ltd.","Cedar Rapids","IA","UNITED STATES"
"Midas Aviation Services Inc.","Pompano Beach","FL","United States"
"MIDDLE EAST AERO SUPPLIES FZE","UMM AL QUWAIN","UM","United Arab Emirates"
"Midnight Engineering LLC","Miramar","FL","United States"
"Millennium International","Lee's Summit","MO","United States"
"Ming Deng","Saugnacq et Muret","Se","France"
"Mir Global Lojistik A.S.","Istanbul","","Turkey"
"Mirage Aeroservices","Al Manamh","","BAHRAIN"
"Mitchell Aircraft, LLC","Cary","IL","UNITED STATES"
"Modern Horizon Keys Trading Co. (MHK)","Riyadh","","SAUDI ARABIA"
"Moog Inc.","Miramar","FL","United States"
"MRO Support, Inc.","Boca Raton","FL","UNITED STATES"
"MT Airwings FZC-LLC","Sharjah","","United Arab Emirates"
"MTU Maintenance Lease Services B.V.","Amsterdam","","NETHERLANDS"
"Multi-Pacific International, Inc.","Chino","CA","UNITED STATES"
"Nanotech Aviation Limited","Datchet, Berks","","UNITED KINGDOM"
"Nantong Lingkong Aviation Equipment Co., Ltd","Nantong City, Jiangsu Province","","China"
"National Aerospace Group","Vero Beach","FL","UNITED STATES"
"Ndt Solutions Limited","Nairobi","Se","Kenya"
"Nelson Parts, LLC","Deerfield Beach","FL","United States"
"NEW ERA GLOBAL HOLDINGS LIMITED","HONG KONG","Se","Hong Kong"
"New India Motors (New Delhi) Pvt Ltd - dba -  Belair Aero","New Delhi","","India"
"Newjet Aero Systems","Newark","NJ","UNITED STATES"
"NexGen Aero, LLC","Doral","FL","UNITED STATES"
"NEXT LEVEL AVIATION - IRELAND LTD","Rathcoole, Co Dublin","","IRELAND"
"NM AERO LLC","MIAMI","FL","United States"
"Norcross Air, Inc.","Dover","NH","UNITED STATES"
"Nordair USA, Inc.","Orlando","FL","UNITED STATES"
"Normal Aero FZCo","Dubai","","United Arab Emirates"
"North American Aerospace Industries Corp","Greenville","NC","United States"
"North Ventures Inc.","Minneapolis","MN","UNITED STATES"
"Northwest Aerospace, Inc.","Newcastle","WA","United States"
"Nottingham for Aviation","Amman","","JORDAN"
"NOVAX Group S.A.","Pozos de Santa Ana","Sa","COSTA RICA"
"NTE Aviation, LLC","Lewisville","TX","UNITED STATES"
"OA AVIATION & LOGISTICS PTY LTD","Kempton Park","","South Africa"
"Ocean Air, Inc.","Miramar","FL","UNITED STATES"
"ODS Aerospace","New Delhi","","INDIA"
"OH Capital Assets, Inc.","Mint Hill","NC","UNITED STATES"
"Olympic Aerospace, Inc.","Federal Way","WA","United States"
"OMA Global Company","Baghdad","Se","Iraq"
"Omnia Sales Inc.","Burbank","CA","United States"
"OMS Aero Group Inc.","ISTANBUL","Be","Turkey"
"ON POINT AVIATION PARTS & SERVICES LLC","MIAMI","FL","United States"
"OnAV, LLC","Chandler","AZ","United States"
"Optron Solutions Ltd.","Belize","","Belize"
"Orange Aero Limited","Thame, Oxfordshire","","UNITED KINGDOM"
"ORBITER AVIATION LTD","LONDON","Se","United Kingdom"
"Overseas Aircraft Parts, Inc.","Deerfield Beach","FL","UNITED STATES"
"Owl Aerospace, Inc.","Hollywood","FL","UNITED STATES"
"OWR CO., LTD","Guangzhou, Guangdong","_","PEOPLE'S REPUBLIC OF CHINA"
"OWR CO., LTD","Guangzhou","","PEOPLE'S REPUBLIC OF CHINA"
"OXYGEN AEROSPACE FZC","SHARJAH","UA","United Arab Emirates"
"P&R Aerospace Solution Corp.","Miami","FL","UNITED STATES"
"Pacific Aero Tech, LLC","Kent","WA","United States"
"Pacific Air Industries","Chatsworth","CA","UNITED STATES"
"Pacific Turbine Brisbane (PTB)","Pinkenba","","AUSTRALIA"
"Pacific Turbine USA","Miami","FL","UNITED STATES"
"Pal aviation OÜ","Tallinn","Se","Estonia"
"PAM TECHNIK BV","Voorhout","","Netherlands"
"Par Avion LLC","Scottsdale","AZ","UNITED STATES"
"Partium Elite B. V.","Nieu-Vennep","","Netherlands"
"Parts & Spares Int'l","Phoenix","AZ","UNITED STATES"
"Parts To Fly LLC","Davie","FL",""
"PartsBase, Inc.","Boca Raton","FL","UNITED STATES"
"PASLA SERVICES PTE LTD","UBI TECHPARK","","Singapore"
"Patrick V. Gough Co. Inc.","Signal Hill","CA","United States"
"Paulman International Ltd.","Isleworth, Middlesex","","UNITED KINGDOM"
"PDQ Airspares (USA)","Commerce","CA","UNITED STATES"
"PDQ Airspares Ltd.","Hampshire","","UNITED KINGDOM"
"PDQ Airspares Poland Sp. Zo.o.","Nadarzyn","","POLAND"
"PDQ Airspares PTE Ltd","Singapore","","SINGAPORE"
"PDQ China","Guangdong","","CHINA"
"Pentagon 2000 Software, Inc.","New York","NY","UNITED STATES"
"Phoenix Aero Space Aviation Spare Parts Trading L.L.C","Dubai","","United Arab Emirates"
"Phoenix Aviation FZ-LLC","Ras Al Khaima","","United Arab Emirates"
"Pinair Tech Corp.","New York","NY","UNITED STATES"
"Pioneer Aero Supply","Chicago","IL","UNITED STATES"
"Planestocks LLC","Deerfield Beach","FL","UNITED STATES"
"Powerjet Parts, Inc.","Las Vegas","NV","UNITED STATES"
"Powerturbine, Inc.","Mira Loma","CA","UNITED STATES"
"PR (HK) International Enterprise Limited","Kowloon","","HONG KONG"
"Pratt & Whitney Commercial Serviceable Assets","Dallas","TX","UNITED STATES"
"Pratt & Whitney Component Solutions","Muskegon","MI","UNITED STATES"
"Precision Aero Sourcing LLC","Stillwater","MN","United States"
"Precision Aero Technology, Inc.","Long Beach","CA","UNITED STATES"
"Preferred Aviation, Inc.","Doral","FL","UNITED STATES"
"Preneet Holdings Inc","Irving","TX","United States"
"Prestige Aero Solutions, Inc.","Eastvale","CA",""
"Prime Air (A HEICO Aerospace Company)","Miami","FL","UNITED STATES"
"PRIVE AERO INC.","Istanbul","","Turkey"
"Pro Aerospace Services Ltd","Birmingham","","UNITED KINGDOM"
"Pro-Tech Enterprises LLC","Milford","CT","UNITED STATES"
"Professional Aviation Associates, Inc.","Forest Park","GA","United States"
"Professional Aviation Support, Corp.","Miami","FL","UNITED STATES"
"PROLINK Aviation Co.","Riyadh","","Saudi Arabia"
"Pronto Distribution, Inc.","Holly Hill","FL","UNITED STATES"
"Proserv Aviation Holdings LLC","Oak Creek","WI","United States"
"Provide Power Tr.","Dubai","Bu","United Arab Emirates"
"PRUDENT INNOVATION SERVICES PTE LTD","SINGAPORE","","Singapore"
"PSS Aviation / Poorvi Sales And Services Pvt Ltd","New Delhi-110059","","India"
"PTB Group","Pinkenba","","AUSTRALIA"
"PTS Aviation LLC","Miramar","FL","UNITED STATES"
"PTX Defense LLC","Acworth","GA","UNITED STATES"
"Q-Enterprise Aviation Inc.","Liberty Township","OH","UNITED STATES"
"QGA AIRCRAFT ENGINEERING INC","ALHAMBRA","CA","UNITED STATES"
"Quest Aviation, Inc.","Lake City","FL","United States"
"Quick Ship Global","Columbus","OH","United States"
"QuickChems Ltd","London","","United Kingdom"
"QuickSpares FZCO","Dubai","","UNITED ARAB EMIRATES"
"Raksa Global Pte Ltd","Singapore","Se","Singapore"
"Ram Aviation Ltd","St Peter","","United Kingdom"
"Ranger Air Aviation LLC","Lewisville","TX","UNITED STATES"
"Raven One Aerospace","Miami","FL","United States"
"Rawat Al-Burouj Aviation/Nottingham for Aviation","Baghdad","","IRAQ"
"RBK Services & Supplies BV","Schiphol","","NETHERLANDS"
"REAL TURBINE ENGINE CONSULTANT ENTERPRISE SDN. BHD.","Skudai","","Malaysia"
"Rebound Electronics UK Ltd","Newbury","Se","United Kingdom"
"Red Hare Aerospace","Arcadia","CA","UNITED STATES"
"Red Sun Aviation PTE LTD","Singapore","","Singapore"
"ReGEN Aviation Limited","Dublin","","Ireland"
"Regional Airline Support Group","Coral Springs","FL","UNITED STATES"
"Regional One Inc.","Miami","FL","UNITED STATES"
"REKA GLOBAL GRUP DANISMANLIK VE TICARET LIMITED SIRKETI","Ankara","","Turkey"
"Reliance Aircraft International, LLC","Austin","TX","UNITED STATES"
"Revolution Aircraft Services, LLC","Pompano Beach","FL","UNITED STATES"
"RIM Enterprises, LLC","Marion","IA","UNITED STATES"
"RO Aviation LTD","Crawley","","United Kingdom"
"RockDove Aviation FZ-LLC","RAS AL KHAIMAH","","United Arab Emirates"
"Rolls-Royce & Partners Finance (Parts Trading)","London","","UNITED KINGDOM"
"ROSE Aerospace, LLC","Prosper","TX","United States"
"Rosy Dawn Aviation","Dubai","","United Arab Emirates"
"Royal Aero GmbH","Miesbach","","GERMANY"
"Royal Aviation LLC","Doral","FL","UNITED STATES"
"ROYAL CRAFT AVIATION","MUSCUT GOVERNORATE","Se","Oman"
"S.O.I. Aviation","Calabasas","CA","UNITED STATES"
"SAFARI AVIATION SERVICES","Sharjah","AE","UNITED ARAB EMIRATES"
"SaHa Aviation Services","Dorset","","United Kingdom"
"SAM EXPORT CORP","DORAL","FL","United States"
"Sand Hill Aerospace, LLC","Los Altos","CA","UNITED STATES"
"Satair an Airbus Services Company","Kastrup","","DENMARK"
"SC Technology Co., LTD","Xiamen, Fujian Province","","CHINA"
"Seattle Aviation Solutions LLC","Tukwila","WA","United States"
"SECURE AEROTECH PVT. LTD.","NEW DELHI","","India"
"Sentinel Aerospace, LLC","Chandler","AZ","UNITED STATES"
"Sentry Aerospares LLC","Morganville","NJ","United States"
"Sentry Aerospares Ltd.","Watford, Hertfordshire","","UNITED KINGDOM"
"SETEC AERO LLC","Miami","FL","United States"
"Shanghai Jieritong Aviation Technology Co., LTD","Shanghai","","PEOPLE'S REPUBLIC OF CHINA"
"Shenzhen e-Aero Technology Co., Ltd.","Shenzen","","CHINA"
"Shenzhen Rochester Semiconductor Co., Ltd","shenzhen","Se","China"
"Shey Systems, Inc.","Hiawatha","IA","UNITED STATES"
"SHIV CHANDRA AIRPARTS AND SERVICES PVT LTD","MUMBAI","","India"
"SHREEGEE PRIVATE LIMITED","MEERUT","Se","India"
"Siam Aero Repair Co,. Ltd.","Bangkok","","Thailand"
"Sigma Aviation Group, LLC","Ft Lauderdale","FL","United States"
"Signal Aerospares","Cromwell","CT","United States"
"Silver Wings Aerospace, Inc.","Princeton","FL","UNITED STATES"
"SimpleQuE Inc.","Rockledge","FL","UNITED STATES"
"Simulator Components, Inc.","Roseville","MN","UNITED STATES"
"Simzation B.V.","Waarland","","NETHERLANDS"
"Sino-American Aviation, Inc.","Ontario","CA","UNITED STATES"
"SKG Trading Corp","Katy","TX","United States"
"Sky Aero Solutions LLC","Sharjah","Se","United Arab Emirates"
"SKY AERO SQUAD FZ-LLC","RAS AL KHAIMAH","","United Arab Emirates"
"Sky Dynamics Solutions LLC","SACRAMENTO","CA","United States"
"Sky Fly srl","Napoli","Se","Italy"
"Sky Global Support LLC","Hialeah Gardens","FL","United States"
"Sky Source, Inc","Hialeah","FL","UNITED STATES"
"Sky Tech Trading","Dubai","","United Arab Emirates"
"Sky Trade Support, Inc.","Doral","FL","United States"
"SkyCraft ProSolutions FZE","Umm Al Quwain","","United Arab Emirates"
"SKYH AIRCRAFT COMPONENTS TRADING-FZCO","Dubai","","United Arab Emirates"
"Skyland Aviation Ltd","Sofia","","Bulgaria"
"Skyline Aero Limited","Cirencester","","United Kingdom"
"SkyLink Aircraft Spare Parts LLC","Dubai","Du","United Arab Emirates"
"Skytop Aerospace Management LLC DBA Skytop Aero","Boca Raton","FL","United States"
"Skytower Aviation Services, Inc.","Santa Ana","CA","UNITED STATES"
"SkyWay Aerospace International Limited","HONGKONG","HO","China"
"Skyways Technics","Selangor","","MALAYSIA"
"Skywell Parts, Inc.","Hong Kong","","HONG KONG"
"Skywin Aero Parts Pte Ltd","Singapore","","Singapore"
"SOCIETE AHE Inc. France","St André de Sangonis","","FRANCE"
"Soho Aero","ANKARA","","Turkey"
"SonCoast Procurement LLC","Kissimmee","FL","United States"
"Sonic Aircraft Components, LLC","Pinecrest","FL","UNITED STATES"
"Sound Aviation Corporation","Rockwood","TN","UNITED STATES"
"South Seas Aviation, Inc.","Sunrise","FL","UNITED STATES"
"Southern Cross Aviation, LLC","Fort Lauderdale","FL","UNITED STATES"
"Southern Trunk Aviation FZCO","Dubai",".","United Arab Emirates"
"Southwest Airlines Co.","Dallas","TX","UNITED STATES"
"Spaero Ltd","Peterborough","","UNITED KINGDOM"
"Spare Jet Aero Ltd.","Sofia","","Bulgaria"
"SPARK AVIATION","MUMBAI","Se","India"
"Sparrow Aviation Group, LLC.","Lexington","VA","United States"
"SPEAR AVIATION FZ LLC","Dubai","","United Arab Emirates"
"Specialist Aviation Ltd.","Letchworth","_","UNITED KINGDOM"
"Speed Aerospace Pte Ltd","","","SINGAPORE"
"Springfall International FZE","Dubai","","UNITED ARAB EMIRATES"
"Sprint Aerotech Co., Ltd","Bangkok","","Thailand"
"Stap Industries, Inc.","Louisville","KY","UNITED STATES"
"Starlight Airlines","Sharjah","_","UNITED ARAB EMIRATES"
"Start Aviation LLC","Pompano Beach","FL","United States"
"Steadfast Aerospace","Davie","FL","United States"
"Stealth Aerospace","Commerce","CA","UNITED STATES"
"Sterling Logistics Solutions","Washington","PA","United States"
"Steven Enterprises Group, Inc.","Miami","FL","UNITED STATES"
"Stone Aviation International. LLC","Clearwater Beach","FL","United States"
"Stop-Over Solutions Ltd.","London","","United Kingdom"
"STRADE Ltd.","Kloten","_","SWITZERLAND"
"Stratton Aviation LLC","Winooski","VT","UNITED STATES"
"Stratus Aero Partners","Eagan","MN","United States"
"STS Component Solutions, LLC","Palm City","FL","UNITED STATES"
"STS DISTRIBUTION SOLUTIONS DBA STS AIR-PRO","Palm City","FL","United States"
"Sunelenus, DBA as Avionictech","Miami","FL","UNITED STATES"
"Superior Aviation Supplies LLC","Palmetto","FL",""
"Support Air, Inc.","Miamisburg","OH","UNITED STATES"
"SUREWINGS EXPERTS FZ LLC","ABU DHABI","Se","United Arab Emirates"
"SW Support LLC","Rosemont","IL","UNITED STATES"
"SwissTeknik, LLC","Tempe","AZ","UNITED STATES"
"T C AEROSPACE PTE LTD","SINGAPORE","","SINGAPORE"
"T&T AVIATION SERVICES PTE LTD","SINGAPORE","","Singapore"
"T-Load USA LLC","New York","NY","UNITED STATES"
"Tahoe Aero LLC","Stateline","NV","UNITED STATES"
"Talon Air Partners LLC","Fort Lauderdale","FL","United States"
"Tanyel Enterprises, LLC","Spartanburg","SC","UNITED STATES"
"Target Aero Engines LLC","Las Vegas","NV","United States"
"Tariq Al Jabal Aircraft Spares Part and Components Trading,","Dubai","Se","United Arab Emirates"
"TAY AVIATION LLC (TAY HAVACILIK SAN. VE TIC. LTD. STI.)","Istanbul","","Turkey"
"TC Material LLC","Tampa","FL","United States"
"TCAS AERO","Amman","","Jordan"
"TDA.","Lijnden","","Netherlands"
"TEAM AVIATION INDIA PVT. LTD.","New Delhi, Delhi","","India"
"Team JAS, Inc.","Jacksonville","FL","UNITED STATES"
"TekAir, LLC","Delray Beach","FL","United States"
"TEMCO Ltd.","East Sussex","","UNITED KINGDOM"
"Thales Emarat Technologies Ltd","Abu Dhabi","Ab","United Arab Emirates"
"THAR AVIATION GULF FZC","SHARJAH","SH","UNITED ARAB EMIRATES"
"The Giles Group, Inc.","Silver Spring","MD","UNITED STATES"
"TIC Aerospace, Inc.","Miami","FL","UNITED STATES"
"TIER ONE AVIATION LLC","JACKSONVILLE","FL","United States"
"Tiger Enterprises & Trading, Inc.","Pelzer","SC","UNITED STATES"
"Time Way Electronics Limited","Kowloon","","Hong Kong"
"TITAN AEROSPACE","Istanbul","","Turkey"
"TK Aviation, Inc.","Grapevine","TX","UNITED STATES"
"TLC Aerospace Services Corp","IRVING","TX","United States"
"Topcast Aviation Supplies Co., Ltd.","Shatin","","HONG KONG"
"Torque Aero LLC","Chicago","IL","United States"
"Total Aircraft Support, Inc.","Miami","FL","UNITED STATES"
"TouchPoint Aviation Services, LLC","Miami","FL","UNITED STATES"
"TP Aerospace","Copenhagen","","DENMARK"
"Trace Aerosolutions FZC","Ras al Khaimah","","UNITED ARAB EMIRATES"
"Trade of Parts in Aviation Inc.","Miami","FL","United States"
"Trade-Air, Inc.","Miami","FL","UNITED STATES"
"TRADENA CORP","Diamond Bar","CA","United States"
"Tradewind International, LLC","Janesville","WI","UNITED STATES"
"Transcend Aero Services","228208","","Singapore"
"Transworld Aviation FZE","Dubai","","UNITED ARAB EMIRATES"
"Trident Aerospace (HK) Limited","Hong Kong","","PEOPLE'S REPUBLIC OF CHINA"
"Triman Industries, Inc.","Morrison","NJ","UNITED STATES"
"TriStar Aircraft Spares","Fort Worth","TX","UNITED STATES"
"Tristar Solution Technology, Inc.","Rancho Cucamongo","CA","UNITED STATES"
"TrueAero LLC","Sebastian","FL","UNITED STATES"
"Trust & Jets","MEXIMIEUX","","France"
"TSG Aero LLC","Doral","FL","United States"
"TSI Aviation, Inc.","Boca Raton","FL","UNITED STATES"
"Turbine Engine Consultants, Inc (TECI)","Joplin","MO","UNITED STATES"
"Turbine Support Services, Inc.","Windsor","CT","UNITED STATES"
"Turbo Resources International, Inc.","Chandler","AZ","UNITED STATES"
"TurboJet Partners, Inc.","St. Charles","IL","UNITED STATES"
"U.C.A Aviation Spares Trading FZE","Umm Al Quwain, U A E.","Se","United Arab Emirates"
"UK Aerospace Ltd","OXFORD","","United Kingdom"
"Unical Aviation, Inc.","Glendale","AZ","UNITED STATES"
"United Aero Solutions, Inc","Fort Pierce","FL","UNITED STATES"
"United Aerospace Corporation","Miramar","FL","UNITED STATES"
"United Airlines","San Francisco","CA","UNITED STATES"
"Universal Aerospace Systems LLC","DEERFIELD BEACH","FL","United States"
"Universal Asset Management, Inc.","Memphis","TN","UNITED STATES"
"Universal Turbine Parts","Prattville","AL","UNITED STATES"
"Unlimited Aerospace Corp","MIAMI","FL","United States"
"Uno-Aviation LLC","Casablanca","","Morocco"
"UP Aviation","Asheville","NC","UNITED STATES"
"Utmel Electronic Limited","Shenzhen","Gu","China"
"UTSAIR LTD","ISTANBUL","Se","Turkey"
"UZ Aviation LLC","San Diego","CA","United States"
"V-LINK AVIATION MANAGEMENT FZCO","DUBAI","","United Arab Emirates"
"V-Mark Aviation Company Limited","Sheung Wan","","HONG KONG"
"Vallair Asset Solutions","Senningerberg","","LUXEMBOURG"
"VAMOS AEROSPACE LLC","SHERIDAN","WY","United States"
"Vantage IC, LLC","Holtsville","NY","UNITED STATES"
"VAS Aero Services, LLC","Boca Raton","FL","UNITED STATES"
"VC DISPLAYS, INC.","BROOKSVILLE","FL","United States"
"VEGA AVIATION LTD.","ISTANBUL","","Turkey"
"VGAS PARTS AND SUPPLY","DEN HAAG","","Netherlands"
"Victor Aerosystems","Saint Paul","MN","UNITED STATES"
"Vision Aero, Inc.","Weston","FL","UNITED STATES"
"VISION AIR INTERNATIONAL","TEMPE","AZ","UNITED STATES"
"Viva Aerospace","Beirut","","Lebanon"
"VIVAAN AVIATION & DEFENCE SERVICES UK LTD","London","","United Kingdom"
"Viya Gmbh","Ransbach-Baumbach","","Germany"
"VN Aero OÜ","Tallinn","Ha","Estonia"
"Vogter","Dragør, Copenhagen","","Denmark"
"VRN AERO LIMITED","London","","United Kingdom"
"VSE Aviation, Inc.","Doral","FL","UNITED STATES"
"Vx Consultants, Inc.","Mt Pleasant","WI","UNITED STATES"
"W.S. Wilson Corporation","Port Washington","NY","UNITED STATES"
"WBParts, Inc.","Palm Bay","FL","UNITED STATES"
"Welkin Aero Ltd","Beijing","","CHINA"
"Well Known Aviation Technology (Chongqing) Co.Ltd","Chongqing","Se","China"
"Wencor, LLC","Peachtree City","GA","UNITED STATES"
"Werner Aero LLC","Mahwah","NJ","UNITED STATES"
"West Coast Aviation (Shannon) Ltd.","Shannon Airport, Co. Clare","Se","Ireland"
"Western Aero Services, Inc.","Denver","CO","UNITED STATES"
"Western Air International","Gilbert","AZ","UNITED STATES"
"Willis Aeronautical Services, Inc.","Coconut Creek","FL","UNITED STATES"
"WIN SOURCE ELECTRONICS","Shenzhen","","China"
"WINDER d.o.o.","Brezje (Sveta Nedelja)","","Croatia"
"Wings Air Support LLC","Greensboro","NC","United States"
"Wingsteck, Inc.","Hicksville","NY","UNITED STATES"
"Woklin","Eybens","Se","France"
"Worthington Aviation LLC, A Stratus Aero Partners Company","Eagan","MN","UNITED STATES"
"Wowsa Aero","Ipswich, Suffolk","","United Kingdom"
"Wright Aero Components FZE","Umm Al Quwain","","United Arab Emirates"
"WS Aero Services Pte Ltd","Singapore","Se","Singapore"
"WWD USA Group, LLC","Davie","FL","UNITED STATES"
"WWTAI AirOpCo 1 Bermuda Ltd","New York","NY","United States"
"Wyatt Aerospace LLC","Chandler","Az","UNITED STATES"
"XAero Co., Ltd","Xiamen, China (Fujian)","","People's Republic of China"
"XIAMEN HANGYU AVIATION TECHNOLOGY CO., LTD.","Jimei, Xiamen","_","People's Republic of China"
"XINSHOP ELECTRONICS CO.,LTD.","Shenzhen","","China"
"XS Aviation Limited","Cambridgeshire","_","UNITED KINGDOM"
"Yas International Dist. Inc.","Miami","FL","UNITED STATES"
"YES TECHNIK FZC","SHARJAH","SH","United Arab Emirates"
"YGAero (Yellow Green Aerospace Inc.)","Margate","FL","UNITED STATES"
"YIC INTERNATIONAL CO., LIMITED","HONG KONG","","China"
"YOG-KSHEM Pte Ltd","Singapore","","SINGAPORE"
"Yoracraft GmbH","Stotzing","","AUSTRIA"
"Zenaircraft Holdings LLC","MIAMI","FL","United States"
"Zenith Aviation, Inc.","Fredericksburg","VA","UNITED STATES"
"Zina Flight Support LLC","Austin","TX","UNITED STATES"
"ZY Aviation Co., LTD","Yunnan Province","_","China"
